timestamp,emg1,emg2,emg3,emg4,emg5,emg6,emg7,emg8
1501881446292429,-21,5,-11,-12,-7,4,15,1
1501881446292429,-48,-4,5,35,12,-6,-12,-30
1501881446294427,73,0,46,23,-4,-1,-11,96
1501881446294427,-22,-14,-12,88,5,-3,-10,-39
1501881446306436,27,17,49,18,11,4,23,3
1501881446306436,-65,-42,-71,-9,-27,-13,-4,-17
1501881446315428,9,-9,-13,-124,-18,-8,-11,6
1501881446315428,47,5,-5,9,-2,1,-7,15
1501881446329430,5,18,39,127,43,12,3,-20
1501881446329430,-83,-8,81,17,-36,-9,14,10
1501881446336428,101,1,-66,24,-2,-3,8,-20
1501881446336428,-82,2,26,-125,-24,-6,-11,-1
1501881446352430,54,-11,-33,-37,-16,-8,-11,-23
1501881446352430,9,20,43,-7,20,8,6,0
1501881446354438,26,-17,-17,49,-8,-10,-22,22
1501881446354438,20,0,-26,-46,0,3,30,-51
1501881446375430,-58,0,39,81,2,1,-2,-2
1501881446375430,-2,4,-36,93,6,-3,-27,6
1501881446376430,-4,8,74,-50,-7,1,42,-13
1501881446376430,-44,10,2,52,21,6,-16,17
1501881446389434,9,-16,-36,-120,-16,-6,-9,-1
1501881446389434,-38,-2,-9,110,20,6,6,17
1501881446396432,33,-12,-15,-103,-35,-12,-22,-38
1501881446396432,36,1,-19,62,3,-7,-13,-13
1501881446413436,4,15,40,95,12,4,18,9
1501881446413436,55,-14,-69,13,-36,-7,0,3
1501881446415432,-127,8,-19,27,30,11,-4,-46
1501881446415432,42,-14,-8,24,-11,-6,-4,17
1501881446435434,-7,4,1,-73,-18,-8,-8,-1
1501881446435434,23,17,43,34,8,-3,-32,26
1501881446436435,7,-2,8,0,3,9,51,3
1501881446436435,-13,-33,-112,-22,-21,-15,-12,-16
1501881446449435,-18,-1,18,-33,6,-1,-10,14
1501881446449435,10,17,6,37,-5,-3,5,6
1501881446456444,-12,-6,7,-7,-12,-1,-18,1
1501881446456444,-8,10,36,38,20,1,6,28
1501881446472436,-9,6,-29,-41,-2,6,5,-8
1501881446472436,116,0,31,-65,-3,-1,6,1
1501881446474439,13,15,-15,79,8,4,-16,-28
1501881446474439,-69,-30,-42,-114,-15,-5,0,15
1501881446495439,23,-9,-51,-58,-16,-9,-5,10
1501881446495439,24,16,30,18,19,7,2,1
1501881446496440,-105,-19,-16,-27,-10,-7,-12,-3
1501881446496440,58,9,26,79,21,6,-5,18
1501881446510439,-12,-8,-17,-65,-17,1,20,-20
1501881446510439,-20,1,-10,9,1,0,-1,6
1501881446511439,8,7,46,65,21,3,2,2
1501881446511439,9,-1,-15,9,-10,-6,1,-12
1501881446532445,9,1,10,27,-3,1,-8,46
1501881446532445,-7,1,-5,10,5,-3,1,37
1501881446534443,-37,-4,-1,-91,-1,7,0,-59
1501881446534443,12,-3,26,39,9,-4,-1,-10
1501881446555443,14,9,21,50,2,-2,-1,0
1501881446555443,8,-9,-24,15,3,5,8,30
1501881446556441,39,-1,0,22,2,-11,-8,30
1501881446556441,9,-9,-34,-4,-11,-8,-5,1
1501881446569442,-30,-5,10,-103,-10,5,7,29
1501881446569442,-25,9,27,58,8,0,-13,-96
1501881446576443,-56,-27,-76,-48,-4,-6,-15,14
1501881446576443,62,7,25,4,-24,-2,12,6
1501881446592444,0,6,26,83,27,4,7,-31
1501881446592444,-14,-6,-21,-47,-4,-10,-15,-22
1501881446594444,19,7,49,8,-4,-4,-13,3
1501881446594444,-32,-1,-15,-36,9,7,22,-19
1501881446615446,-22,3,14,82,-2,-4,-14,-9
1501881446615446,12,-3,-13,13,2,0,2,31
1501881446616445,-3,6,28,11,3,-3,-4,-75
1501881446616445,-59,8,6,-12,-5,4,0,-57
1501881446629447,-7,-18,-25,-20,-10,-10,-13,-53
1501881446629447,-12,7,-5,-44,10,4,-3,13
1501881446636446,-16,-2,39,127,9,0,13,20
1501881446636446,45,17,56,30,3,8,-2,11
1501881446652448,-6,-14,-71,14,-13,-10,-13,-91
1501881446652448,-3,-11,-5,-101,-23,-3,3,-5
1501881446654450,53,10,21,32,10,-1,-1,30
1501881446654450,-9,1,2,-11,-2,-1,-4,-3
1501881446675448,32,2,13,65,16,5,8,74
1501881446675448,15,-3,0,-26,11,4,1,-6
1501881446676450,13,1,-18,-11,-1,-4,-1,39
1501881446676450,-13,-12,17,-59,-17,-1,2,-5
1501881446690449,12,9,1,-24,-1,-3,-2,40
1501881446690449,8,-14,-28,-52,-5,-3,-4,3
1501881446696454,5,1,-28,-49,-4,4,9,-2
1501881446696454,-9,6,28,29,12,-10,-8,3
1501881446720456,19,-1,34,95,16,7,8,-8
1501881446720456,3,-9,-40,-66,-27,-5,-2,-10
1501881446721453,-28,0,20,-63,-13,-2,3,1
1501881446721453,-17,-5,11,-20,-4,-5,-14,-7
1501881446735455,48,10,-7,26,-2,-2,2,19
1501881446735455,42,0,-11,42,11,-2,10,50
1501881446736452,0,6,8,-26,-3,5,0,-49
1501881446736452,-16,-11,-26,17,5,-2,2,-7
1501881446749467,-47,6,12,-54,-4,3,-2,-13
1501881446749467,-4,-4,-13,54,12,-1,-4,-15
1501881446756458,-16,-6,-1,-47,-19,-12,-10,18
1501881446756458,34,7,-13,-29,-3,7,-1,60
1501881446772455,-9,-15,3,-4,2,-1,1,13
1501881446772455,-15,15,10,-29,12,6,6,4
1501881446774455,27,-5,-69,87,-3,2,-1,8
1501881446774455,37,-3,26,-20,3,-10,-10,11
1501881446795454,-49,-11,-21,-32,-1,-6,1,-17
1501881446795454,50,2,33,59,-7,-4,-2,15
1501881446796455,-46,7,29,-13,12,5,-5,-21
1501881446796455,-2,-5,-17,-10,-11,5,3,-6
1501881446809456,-6,0,-30,-38,0,2,3,-3
1501881446809456,-35,1,10,26,0,3,1,-12
1501881446816456,25,-6,-33,-79,-18,-7,1,23
1501881446816456,5,0,22,45,9,-2,-3,8
1501881446832471,9,8,22,21,-2,-2,-2,9
1501881446832471,-47,-10,-36,-55,-2,3,3,-50
1501881446834458,46,-2,-11,42,2,1,-2,41
1501881446834458,-26,2,-25,-11,-4,-6,1,6
1501881446855460,10,0,42,-18,-1,-1,-2,22
1501881446855460,39,1,-12,-79,-10,-1,-2,-39
1501881446856459,-51,-2,19,83,9,4,6,-8
1501881446856459,38,1,-8,46,5,2,-4,64
1501881446868460,6,6,-1,21,12,-2,-4,-66
1501881446868460,-10,-18,3,-10,-28,-6,-3,1
1501881446877462,-2,6,-1,-26,8,1,2,-33
1501881446877462,41,-15,-33,-19,-23,0,-4,-18
1501881446892465,0,2,19,-16,1,1,-3,-23
1501881446892465,-10,5,10,10,-3,-1,3,5
1501881446894464,6,-9,8,74,8,-9,-10,-1
1501881446894464,-68,7,10,74,15,2,2,-80
1501881446914468,27,-5,-42,-91,-33,-1,-4,30
1501881446914468,30,-6,-9,95,-4,-12,-6,61
1501881446916462,-13,5,32,55,8,4,4,-13
1501881446916462,-10,-1,-3,-49,-2,-2,-1,5
1501881446928478,27,5,16,61,16,2,1,7
1501881446928478,-47,1,-1,-2,-8,-5,4,34
1501881446937464,0,6,6,-84,-6,3,-1,3
1501881446937464,31,2,-5,60,7,0,2,52
1501881446952464,-26,-8,-16,29,3,-1,-3,-65
1501881446952464,-24,3,8,-52,-7,-2,-2,-14
1501881446954466,12,-2,24,-17,11,3,5,14
1501881446954466,-29,-3,8,3,-11,-1,-3,-43
1501881446975465,-25,-2,-24,-34,-7,-5,-3,19
1501881446975465,3,-13,-36,63,-1,-7,-10,-6
1501881446976466,-2,6,10,4,-4,-5,-5,-54
1501881446976466,9,-9,-48,-113,-10,-3,-5,1
1501881446988468,-5,-1,26,127,9,4,6,43
1501881446988468,-25,14,55,-26,7,3,-2,-114
1501881446997467,-29,-19,-80,-53,-16,-4,1,9
1501881446997467,36,5,7,-15,-5,1,1,41
1501881447012472,-8,4,-3,-30,-1,-2,-5,-8
1501881447012472,-3,1,10,-20,11,4,2,34
1501881447014470,11,-7,-2,-68,-19,-17,-4,23
1501881447014470,5,12,21,77,19,12,9,-30
1501881447035468,7,-7,-11,-34,-20,-1,-3,19
1501881447035468,-6,3,-9,-58,7,3,-1,-24
1501881447036469,-17,-4,37,117,8,-6,-6,6
1501881447036469,18,5,12,-60,-8,-1,11,61
1501881447048478,12,1,6,-38,-1,-4,-4,2
1501881447048478,13,-3,-41,60,5,2,5,19
1501881447057471,11,-4,-23,-52,0,-2,-5,-4
1501881447057471,9,0,-7,-16,0,-4,-6,-15
1501881447072473,6,2,36,14,6,4,1,-15
1501881447072473,-41,-4,6,-43,-6,-4,-2,7
1501881447074475,24,8,16,-20,9,8,4,48
1501881447074475,-61,-17,-55,30,-9,-4,-4,-31
1501881447095472,48,11,7,-29,1,0,0,4
1501881447095472,31,-10,-15,29,0,-5,-3,0
1501881447096473,-42,3,12,-17,4,7,4,-23
1501881447096473,-21,6,32,-46,8,0,-1,-13
1501881447108473,-12,-8,-18,62,0,-2,3,-9
1501881447108473,1,4,10,35,4,4,-3,19
1501881447117478,4,-2,-29,-63,-20,-4,1,-9
1501881447117478,-2,-8,14,38,0,-3,-7,-2
1501881447132495,-11,-7,-13,-19,-1,1,0,24
1501881447132495,-32,5,23,15,6,3,0,-92
1501881447134494,34,0,-22,32,-3,-2,1,34
1501881447134494,-17,-4,-3,-13,-9,-5,-5,-1
1501881447155483,19,0,8,62,14,1,0,10
1501881447155483,13,-1,-11,18,0,-2,3,11
1501881447156477,8,-6,0,-21,-12,2,-4,-11
1501881447156477,9,0,-28,13,7,0,5,35
1501881447168481,-50,-12,-27,-56,-4,-5,-4,-13
1501881447168481,-4,-1,-4,-26,-9,-5,-3,3
1501881447177478,7,10,39,52,9,3,1,3
1501881447177478,-2,-2,-15,0,1,-3,-3,-10
1501881447192479,2,-2,6,-40,-2,-2,-1,36
1501881447192479,26,4,19,57,6,1,-3,30
1501881447194499,3,3,-3,-6,23,5,6,10
1501881447194499,0,-19,-27,-87,-26,-9,-4,54
1501881447214480,2,8,-9,-9,-1,-3,1,-12
1501881447214480,0,-2,6,-50,-12,-3,-1,26
1501881447216481,-1,2,20,95,14,5,0,-29
1501881447216481,14,6,3,6,7,3,0,-3
1501881447228500,-6,-9,-7,3,-16,-9,-9,-18
1501881447228500,18,7,18,16,7,7,6,29
1501881447237481,-55,-13,-30,-32,-11,-2,-3,-77
1501881447237481,20,15,40,95,25,4,0,-38
1501881447252501,-18,-27,-65,-28,-31,-10,-11,25
1501881447252501,13,-1,-4,-69,-10,-8,-5,-17
1501881447254505,0,-3,-3,6,-5,-3,0,22
1501881447254505,-5,0,20,1,4,3,0,-23
1501881447275489,6,9,19,44,12,-1,2,-3
1501881447275489,-10,-4,-2,-36,-4,1,-2,-33
1501881447276489,11,1,11,42,0,0,-3,19
1501881447276489,-6,1,2,-7,-1,0,0,-47
1501881447288486,-20,6,7,-46,-1,2,2,-22
1501881447288486,1,-10,-21,7,-2,-1,-1,-1
1501881447297502,-15,1,-4,-21,0,-1,0,-11
1501881447297502,7,6,13,-45,2,-1,-2,14
1501881447312487,18,-1,1,-13,5,3,3,34
1501881447312487,-64,0,-3,51,1,-2,-4,-83
1501881447314488,25,-4,14,-21,-8,-5,-7,47
1501881447314488,-23,0,4,1,0,-3,4,9
1501881447335499,17,0,4,3,0,2,3,0
1501881447335499,-6,-3,-14,-24,-5,-6,0,42
1501881447336490,15,-10,-38,-6,3,5,1,1
1501881447336490,-17,0,15,25,-3,-3,-4,-22
1501881447357494,-7,-3,13,47,7,2,-2,-27
1501881447357494,15,4,-1,-4,-5,-4,2,-18
1501881447359492,-28,-2,4,9,2,-2,0,-2
1501881447359492,29,-4,-12,-17,-5,2,0,46
1501881447372489,-23,2,13,13,11,3,3,-6
1501881447372489,24,-1,-13,6,-7,3,-2,14
1501881447374490,1,6,45,77,8,-8,2,10
1501881447374490,38,1,-19,-87,-22,-1,4,81
1501881447394510,7,-1,-23,-10,3,2,2,-17
1501881447394510,4,-2,2,-43,-2,-2,-4,7
1501881447396492,3,-2,-14,50,-2,0,2,5
1501881447396492,-5,4,14,69,12,4,3,30
1501881447417492,39,0,28,-8,-8,-6,-4,-34
1501881447417492,-23,-5,-4,-49,-14,-2,-2,-25
1501881447419492,-5,2,-35,-68,4,1,2,14
1501881447419492,-1,-7,-12,90,3,2,-6,-47
1501881447432513,-12,-2,-12,26,4,3,1,12
1501881447432513,-4,1,12,25,1,-2,-1,35
1501881447434512,19,1,2,-69,-11,-1,-5,-3
1501881447434512,-25,3,24,-23,4,-1,-2,-33
1501881447455494,-60,-2,4,-2,3,1,1,-53
1501881447455494,8,-7,-12,29,-5,-2,-2,-14
1501881447456496,-17,3,-7,26,5,0,-2,3
1501881447456496,-36,-12,1,-41,-16,-10,-6,-57
1501881447477496,9,1,-23,-1,1,3,-6,1
1501881447477496,2,7,14,27,13,3,6,31
1501881447479496,2,-1,15,32,-8,-5,2,79
1501881447479496,4,7,30,110,14,1,1,-35
1501881447491498,-13,-18,-48,-96,-20,-5,-4,-16
1501881447491498,11,-1,-17,-9,-7,-6,-2,24
1501881447498515,11,-3,4,-25,-2,1,0,-1
1501881447498515,-8,0,1,-15,7,2,0,0
1501881447514501,8,6,18,69,5,1,2,10
1501881447514501,-2,-3,-2,-45,-1,1,1,25
1501881447516499,-20,-8,-14,4,1,-2,-5,-35
1501881447516499,18,2,-28,19,-19,-6,1,39
1501881447537498,15,-4,25,49,1,0,1,-10
1501881447537498,-1,3,-19,-63,-6,-1,0,-32
1501881447539499,12,-3,3,-11,-2,2,0,-21
1501881447539499,7,6,21,32,11,3,2,1
1501881447551500,-30,1,9,-26,1,-1,5,65
1501881447551500,-10,-4,-2,47,7,3,-3,-42
1501881447558512,3,-7,-5,23,-15,-5,0,-2
1501881447558512,-11,-4,-6,34,13,2,-1,-23
1501881447574501,45,2,-22,-63,-22,-8,-5,62
1501881447574501,-21,-5,14,-51,-1,-10,-3,5
1501881447576502,0,2,-9,-24,0,8,5,65
1501881447576502,50,-2,-3,-52,1,5,7,121
1501881447597502,-2,-2,1,-15,0,-2,-6,-15
1501881447597502,2,-6,-26,-53,-17,-10,-4,30
1501881447599503,-7,-4,11,-27,-9,-7,-4,-33
1501881447599503,18,-1,-1,16,1,1,3,10
1501881447611503,2,8,26,-30,3,0,-3,-56
1501881447611503,5,0,-12,84,11,4,2,7
1501881447618504,-11,-8,-18,-52,-2,-7,-8,-32
1501881447618504,-16,-2,-10,-10,-5,-4,-3,-33
1501881447634519,-1,0,-2,7,0,-2,0,-3
1501881447634519,-10,2,36,-7,2,4,2,-11
1501881447636507,12,5,5,52,5,0,-4,-6
1501881447636507,-24,-6,-17,27,5,-2,-6,-23
1501881447657509,7,-4,1,-23,-13,-1,3,54
1501881447657509,1,1,-6,-22,2,-2,-2,1
1501881447659508,12,3,11,-60,11,3,0,-21
1501881447659508,-17,-2,-2,-91,-23,-13,-4,-19
1501881447671507,-15,1,3,59,15,7,1,14
1501881447671507,30,5,14,-6,-4,1,1,-38
1501881447678534,-13,-2,10,-2,0,1,3,54
1501881447678534,-42,-5,-15,-55,-6,0,-4,-44
1501881447694510,23,1,7,104,12,-4,-4,-18
1501881447694510,0,-5,-14,39,8,2,1,5
1501881447696508,6,-2,-3,-24,-5,-9,-4,-17
1501881447696508,10,3,20,6,-2,-1,-1,26
1501881447717509,-23,-7,-28,-49,-4,-1,4,-19
1501881447717509,1,5,40,30,16,5,1,11
1501881447719510,-3,2,0,-5,-9,0,0,-43
1501881447719510,-17,-9,-17,3,-10,-9,-8,-1
1501881447731524,-9,0,-11,8,5,3,-2,-15
1501881447731524,-6,3,4,7,-6,-1,-2,-20
1501881447738513,-22,-3,7,62,12,0,3,-21
1501881447738513,25,4,-14,-71,-19,2,-1,17
1501881447755510,-39,-6,-20,-98,-4,-2,-4,-68
1501881447755510,0,-4,-7,24,-5,-4,-2,25
1501881447756511,-7,6,13,26,2,-4,-2,38
1501881447756511,-1,0,-7,9,10,9,3,30
1501881447777515,22,2,31,58,-2,-4,-3,35
1501881447777515,4,-3,-15,41,-6,-4,2,80
1501881447779514,20,8,45,6,6,3,0,-35
1501881447779514,-9,-6,-23,18,8,0,0,-20
1501881447791516,0,2,-11,-54,-11,-7,-3,20
1501881447791516,-5,-8,2,54,6,3,0,4
1501881447798514,-9,-2,-22,-37,-25,-4,0,-7
1501881447798514,-5,-2,19,-8,1,-3,0,-17
1501881447815515,32,-2,-4,25,9,8,7,72
1501881447815515,5,5,9,-15,-4,-4,-4,-52
1501881447816514,-14,-7,-32,36,7,-1,-2,-8
1501881447816514,14,-3,-18,-27,-5,-4,-1,-29
1501881447837530,-32,-5,0,-4,-4,-5,-2,-3
1501881447837530,-25,6,31,-19,10,3,4,-3
1501881447839519,9,0,-5,-44,-9,-2,-1,-9
1501881447839519,-8,3,13,17,7,3,0,-24
1501881447851517,7,3,15,15,2,-1,2,23
1501881447851517,-13,-9,-39,68,2,0,-1,4
1501881447860520,-20,-3,-2,-7,-2,1,1,4
1501881447860520,20,4,5,-7,-10,-1,1,-39
1501881447874519,-7,-1,12,41,3,-7,-1,58
1501881447874519,-13,-2,-14,-49,-7,-2,-5,-48
1501881447876518,11,5,10,44,7,-6,-3,5
1501881447876518,2,-9,-3,-48,-3,5,1,20
1501881447897534,1,5,24,-6,1,4,1,-49
1501881447897534,-4,-8,-51,-13,-11,-9,-4,-11
1501881447899522,41,-2,1,37,0,-2,-1,29
1501881447899522,-17,3,8,27,13,-3,-2,22
1501881447911521,2,0,-14,-45,-3,4,-2,-9
1501881447911521,42,1,33,32,2,-4,-3,13
1501881447920522,-24,-3,-2,87,12,4,-2,-45
1501881447920522,14,-4,-18,-60,-19,-6,-3,15
1501881447934522,-11,-7,-39,15,-7,-4,-4,-40
1501881447934522,-34,3,14,-98,-11,0,3,18
1501881447936523,36,-4,-27,-16,-7,-3,-4,29
1501881447936523,2,5,14,6,5,5,-1,-19
1501881447957552,11,4,20,20,9,-4,0,15
1501881447957552,-2,-14,7,68,3,-2,-4,-15
1501881447959527,-21,-2,2,-53,-14,-1,0,-17
1501881447959527,-15,-6,-24,-2,1,0,0,9
1501881447971524,13,3,11,20,3,3,1,25
1501881447971524,-8,1,-7,-80,-12,0,4,37
1501881447980525,-14,0,12,45,7,1,0,-5
1501881447980525,13,9,15,45,6,-1,1,-9
1501881447994540,-16,1,16,-23,-10,-4,-1,-18
1501881447994540,-3,-5,-10,9,5,2,2,3
1501881447996525,-49,-4,-5,-17,-1,2,1,-43
1501881447996525,-5,-4,7,50,6,-1,-4,-32
1501881448016526,32,7,24,-36,-6,-6,-5,-5
1501881448016526,-4,5,20,36,4,5,3,-2
1501881448025528,2,-9,-29,4,-3,-2,-4,39
1501881448025528,-41,3,10,5,-6,-3,-1,-2
1501881448031528,30,-8,-16,-38,-9,-3,-3,-10
1501881448031528,14,1,3,-5,5,-5,-5,-33
1501881448040529,15,-2,-14,17,4,7,1,35
1501881448040529,-5,-4,-1,6,-11,-3,2,-8
1501881448054529,-13,-1,-10,12,-3,-1,0,-10
1501881448054529,9,-1,10,-17,-3,0,2,28
1501881448056530,5,1,-1,-14,5,-1,-3,-19
1501881448056530,7,-1,4,3,7,1,-1,17
1501881448077531,-15,-6,-27,-21,-8,-1,0,-15
1501881448077531,3,-4,-12,103,2,-4,-7,26
1501881448079541,0,1,-11,-84,-14,-4,1,11
1501881448079541,-24,-3,11,40,1,-3,-3,-41
1501881448091530,11,-1,8,97,11,1,-4,4
1501881448091530,7,-1,-21,-96,-15,-6,-1,16
1501881448106537,16,3,2,-32,7,7,1,-9
1501881448106537,-21,-9,-14,16,-12,-6,-1,-4
1501881448114533,-14,3,18,80,9,3,1,-11
1501881448114533,26,6,7,-51,2,0,1,29
1501881448116533,11,-8,-21,1,-4,-6,-7,18
1501881448116533,8,2,-6,-63,-1,1,-2,13
1501881448137535,-6,2,6,-35,0,2,4,-14
1501881448137535,-2,-3,-8,37,11,1,-4,18
1501881448139533,-12,1,24,-36,-11,-5,1,-26
1501881448139533,15,-2,-9,23,-6,3,1,34
1501881448151555,-13,-1,14,-8,0,-4,-3,35
1501881448151555,9,-4,-39,-80,-1,3,2,-35
1501881448160535,29,5,21,41,9,-2,2,38
1501881448160535,12,-5,5,89,17,2,-4,-1
1501881448174557,14,6,8,-34,-10,-2,2,2
1501881448174557,-36,-14,-43,-21,-21,-6,-5,-39
1501881448176559,-1,2,15,-47,-4,-5,-9,-80
1501881448176559,13,-2,-8,-82,-8,-1,-1,12
1501881448197579,-11,-4,-44,-37,3,3,-3,-11
1501881448197579,7,-1,22,61,11,1,1,-7
1501881448199573,-22,-8,0,-11,-9,-5,-1,3
1501881448199573,8,4,1,-16,1,0,-1,-2
1501881448211539,-1,-1,14,47,4,-1,-3,-8
1501881448211539,-14,5,16,8,-3,2,1,1
1501881448220543,-23,-2,-8,3,-4,-6,0,-63
1501881448220543,-11,5,18,15,-1,8,2,-7
1501881448234605,7,-4,-34,23,1,-1,0,-5
1501881448234605,-8,3,27,66,9,3,0,-17
1501881448241560,13,4,7,3,-2,-4,-1,24
1501881448241560,-35,-3,2,3,-2,-4,-5,-43
1501881448257568,-12,-5,10,-19,-13,-4,1,-2
1501881448257568,-2,-1,-7,-12,4,1,-1,-1
1501881448259544,4,-9,-42,13,-5,-1,-3,15
1501881448259544,5,-2,2,-36,-1,-1,2,88
1501881448279541,-13,-9,-21,50,-7,-6,-7,11
1501881448279541,13,6,-2,-46,-1,0,1,-10
1501881448281549,-1,2,33,28,9,2,-3,-21
1501881448281549,16,7,-7,-49,-8,-2,-1,3
1501881448294600,-14,-9,7,77,12,-1,-2,-12
1501881448294600,1,-15,-46,-62,-24,-12,-6,4
1501881448301544,5,1,-2,-55,-9,4,1,16
1501881448301544,37,6,15,-18,7,-3,-1,-9
1501881448317546,-10,-10,-29,2,-4,-2,-4,0
1501881448317546,-43,12,23,17,6,2,-1,-58
1501881448319545,8,-3,-3,-2,2,2,0,66
1501881448319545,-4,1,-16,1,1,-4,0,4
1501881448339564,38,-3,31,-12,5,2,1,49
1501881448339564,-12,-3,-12,24,-3,-1,-1,-4
1501881448341546,-1,-1,-5,22,3,-2,-2,10
1501881448341546,-19,-1,-8,-14,4,1,0,1
1501881448354546,0,-1,-13,-36,-5,-2,0,-17
1501881448354546,34,4,24,64,7,2,1,59
1501881448356548,-20,2,2,-6,9,1,3,-34
1501881448356548,4,-6,-19,6,-7,-6,-3,30
1501881448377586,-2,-3,-30,14,6,0,-4,-41
1501881448377586,10,1,21,-35,-22,0,1,-1
1501881448379551,2,4,20,-27,0,2,-1,-13
1501881448379551,4,-6,-9,-11,1,0,-1,-12
1501881448399548,-21,2,9,-6,-3,-2,-2,-20
1501881448399548,-5,6,12,-17,13,3,1,-13
1501881448401549,-2,-8,-18,-4,-13,-3,-1,1
1501881448401549,-8,-3,8,4,-3,0,0,-17
1501881448414555,23,0,-18,-41,-5,-2,-2,-5
1501881448414555,3,-10,33,36,3,-1,-6,22
1501881448416550,-40,12,13,97,5,-7,2,-69
1501881448416550,-15,-6,-8,-68,-1,7,1,-62
1501881448437554,-6,-3,-18,-44,-12,-5,0,10
1501881448437554,-5,1,4,20,1,3,-1,-10
1501881448439553,21,3,33,22,1,-1,0,53
1501881448439553,-9,0,7,81,6,-4,-2,-2
1501881448459574,9,8,15,-15,-5,1,-2,-21
1501881448459574,-9,-8,-25,-55,-11,-2,0,-16
1501881448461554,2,-2,6,-5,5,2,-4,12
1501881448461554,5,0,6,46,4,-2,-1,10
1501881448474556,-10,0,3,-33,-14,1,-2,2
1501881448474556,6,5,10,51,10,-1,2,21
1501881448481576,7,-9,-33,-43,-6,-2,3,30
1501881448481576,3,1,30,31,-6,-4,-3,-13
1501881448497555,-2,-8,-44,-40,-8,-2,-1,24
1501881448497555,-5,6,-1,-21,1,-1,-4,-67
1501881448499556,-6,-12,-36,50,-1,-1,-1,-4
1501881448499556,14,1,-4,-17,-3,-3,-2,16
1501881448519558,-12,7,27,24,7,0,2,-3
1501881448519558,3,-1,-3,-25,5,4,1,17
1501881448521556,25,-9,-5,18,-5,-2,-4,44
1501881448521556,-30,4,6,12,3,1,-1,-7
1501881448534556,34,-5,-6,26,5,-1,-1,6
1501881448534556,4,-3,-29,-76,-9,0,0,0
1501881448541559,14,-2,9,0,-2,-4,-1,60
1501881448541559,-19,-1,-3,-3,-4,-1,0,-26
1501881448557561,-9,5,23,-5,0,2,2,15
1501881448557561,7,0,-10,-7,9,0,-2,-7
1501881448559559,2,5,26,64,4,-2,-6,-19
1501881448559559,-1,-4,13,31,3,0,-1,6
1501881448579575,-5,-3,-23,-31,-6,-3,-3,0
1501881448579575,-4,1,5,35,1,0,1,-18
1501881448581560,2,-4,-33,-93,-13,-6,-5,-22
1501881448581560,5,0,-13,12,6,0,1,12
1501881448594578,-8,-3,24,71,8,-4,-2,-18
1501881448594578,-9,-2,-2,-39,-16,-2,-2,21
1501881448601562,10,-2,2,-58,-1,1,-1,-10
1501881448601562,-9,0,4,48,11,4,0,-24
1501881448617562,1,1,-1,-17,-8,-5,-1,9
1501881448617562,2,-11,-15,27,-5,1,-3,10
1501881448619572,-15,4,12,20,3,1,1,-12
1501881448619572,5,-5,-21,-49,-13,-6,-3,18
1501881448639562,7,1,3,-6,11,2,-3,-9
1501881448639562,-9,7,28,53,4,-4,-3,-6
1501881448641575,-3,-12,-41,-28,-8,-4,-3,-34
1501881448641575,1,2,-6,-20,-1,2,-1,12
1501881448654564,33,-1,4,10,-1,-1,-1,28
1501881448654564,-4,-2,2,-5,1,-1,1,-66
1501881448668567,5,4,12,20,1,4,2,33
1501881448668567,-2,-2,-6,4,-3,-5,0,-7
1501881448677577,-10,3,11,-7,8,3,-2,14
1501881448677577,5,-4,-6,42,2,-2,-1,10
1501881448679566,3,9,22,-20,4,1,3,8
1501881448679566,7,-12,-30,-14,-13,-3,-3,-6
1501881448699581,-13,2,3,-1,5,2,1,-19
1501881448699581,3,-6,-1,97,-6,-8,-4,22
1501881448701568,-19,7,13,-48,-8,4,1,-17
1501881448701568,13,-1,6,11,1,-1,1,7
1501881448714569,-13,1,-2,-42,-7,0,0,-24
1501881448714569,-7,-1,-13,-43,3,0,0,11
1501881448721568,-15,-2,3,44,3,-3,-2,-10
1501881448721568,11,2,13,-5,-1,2,1,3
1501881448737583,-9,0,1,52,12,1,1,9
1501881448737583,15,-5,-19,-80,-29,-7,-3,-16
1501881448739569,-9,-2,-2,-59,-6,-4,-3,-14
1501881448739569,6,-5,-4,-10,0,-2,0,30
1501881448759573,-28,2,17,38,-2,-2,-2,-30
1501881448759573,-3,1,-1,37,10,5,4,19
1501881448761570,-8,-1,-2,-37,2,0,-1,-8
1501881448761570,7,-4,-18,-6,-7,-8,-2,-9
1501881448773572,-8,-7,-17,-41,-11,0,-2,-32
1501881448773572,4,4,15,42,11,-1,-1,7
1501881448782581,-6,0,4,38,7,4,2,6
1501881448782581,3,2,-23,-70,-10,-2,-3,-35
1501881448797574,10,-2,-3,-25,-21,-9,-6,-27
1501881448797574,-8,-2,7,-13,4,2,-1,5
1501881448799591,5,2,14,63,7,4,2,-9
1501881448799591,-9,-6,5,0,-6,-6,-6,26
1501881448819587,1,-1,5,-24,-4,-4,2,-20
1501881448819587,-11,-1,9,-62,0,6,0,-37
1501881448821576,11,1,-2,-10,-3,-6,-3,-18
1501881448821576,-6,0,9,63,6,4,1,43
1501881448833611,-1,2,-4,40,5,-1,-1,-28
1501881448833611,-11,-1,9,-24,-5,-6,-3,2
1501881448842574,6,0,-4,-36,2,2,-1,-44
1501881448842574,9,-3,-2,-22,-4,0,0,-7
1501881448857577,2,0,0,16,5,1,1,26
1501881448857577,21,4,-5,75,7,-5,-3,11
1501881448859576,-25,-6,6,-42,-15,-3,-1,-6
1501881448859576,6,-2,-6,-1,-5,-6,-5,-6
1501881448879579,0,0,6,0,8,7,2,22
1501881448879579,10,-2,-22,-38,-5,-1,-1,32
1501881448881578,10,-4,-15,29,8,-2,-2,5
1501881448881578,-4,-3,9,52,-7,0,-1,17
1501881448893580,-2,-5,-14,-58,-9,-2,2,15
1501881448893580,2,0,11,-7,0,0,-3,1
1501881448902579,-3,-1,-10,3,1,-3,-1,-10
1501881448902579,-20,5,34,25,12,10,8,17
1501881448917580,1,-7,-38,-21,-9,-9,-6,54
1501881448917580,7,0,-9,-2,-3,4,4,-5
1501881448919580,11,-6,-39,10,-1,-2,0,17
1501881448919580,-20,2,16,-2,7,1,0,-18
1501881448939582,21,2,1,-13,0,-1,2,27
1501881448939582,4,0,12,-24,-1,-1,4,33
1501881448941583,7,-1,20,37,-3,-3,-3,41
1501881448941583,4,-1,-12,26,2,-2,-1,-13
1501881448953581,-13,2,16,-82,-7,2,-1,-8
1501881448953581,6,-11,-41,-9,1,-3,-1,1
1501881448962581,-3,3,18,42,3,5,3,-12
1501881448962581,-8,-3,-22,6,2,-1,-4,-11
1501881448977588,-1,0,8,-57,-8,-2,-1,13
1501881448977588,6,3,26,78,12,4,-1,7
1501881448979582,-11,-3,-16,-75,-18,-7,-2,-1
1501881448979582,-10,-7,-26,-37,-2,-3,0,-24
1501881448999584,-9,0,-6,23,2,0,-3,-71
1501881448999584,-15,-1,0,0,1,1,0,-12
1501881449001584,-21,2,10,-5,5,3,1,-19
1501881449001584,-8,3,-10,-18,-8,-6,-5,7
1501881449013586,5,1,6,31,3,1,0,35
1501881449013586,-30,-7,8,13,-6,-2,0,33
1501881449022592,9,9,4,97,16,6,-1,-46
1501881449022592,7,-11,-17,-87,-12,-9,-6,-9
1501881449037589,1,-1,7,24,7,1,3,6
1501881449037589,13,1,-2,-27,-6,-1,-2,-39
1501881449039586,-14,-7,-13,5,-1,-2,0,15
1501881449039586,0,4,15,34,3,2,-2,-6
1501881449059588,-18,0,7,39,1,-4,0,-41
1501881449059588,5,4,-17,-68,0,5,2,-2
1501881449061589,-6,-13,-6,-7,-9,-7,-5,7
1501881449061589,13,6,17,11,4,3,3,-29
1501881449073590,3,-5,4,-6,0,1,-3,14
1501881449073590,-11,4,17,30,6,-3,-1,-7
1501881449082588,2,-2,-6,-50,-4,1,2,29
1501881449082588,5,0,-18,-50,2,-1,0,11
1501881449097604,9,5,23,74,0,2,-3,-16
1501881449097604,-12,-6,-28,44,-1,-3,-1,-6
1501881449099591,6,1,9,-95,-16,-2,-1,-25
1501881449099591,22,0,11,47,1,2,2,13
1501881449119592,-2,3,-5,37,13,0,0,-9
1501881449119592,-6,-1,9,-69,-10,-12,-6,-25
1501881449121595,14,4,-1,38,3,7,3,46
1501881449121595,-5,-5,7,10,-4,-2,0,-63
1501881449133605,5,0,-5,-13,1,3,-1,-37
1501881449133605,4,-6,0,18,-7,-2,-1,7
1501881449142594,6,4,9,10,3,-3,0,10
1501881449142594,-9,-5,-9,-40,-6,2,-1,36
1501881449157614,1,-4,-23,-11,3,0,-2,30
1501881449157614,3,-1,19,74,0,-6,-5,-27
1501881449159594,-10,2,-4,-40,-6,-3,-2,-14
1501881449159594,-6,-2,-2,-52,-2,-2,-5,1
1501881449179594,20,-1,-1,23,-3,-3,-2,-6
1501881449179594,28,1,-11,-70,-4,2,3,78
1501881449181594,-29,1,22,22,2,-1,-1,-38
1501881449181594,-5,-1,-21,12,2,-11,-1,2
1501881449193610,-5,-3,11,-16,-7,5,3,35
1501881449193610,10,2,-8,9,-1,6,1,-3
1501881449202596,18,3,2,67,12,1,0,7
1501881449202596,-3,4,22,6,1,0,2,-7
1501881449217599,-12,-4,-17,-37,-7,-7,-2,-18
1501881449217599,-8,-3,-9,-7,-5,-1,-1,-15
1501881449219598,-4,-2,-10,-25,-1,-1,-2,-8
1501881449219598,-2,0,11,116,8,-1,-1,6
1501881449239600,11,-2,-27,-75,-24,-8,-5,-13
1501881449239600,-20,2,15,-26,1,-1,-1,15
1501881449241599,0,-3,3,27,2,0,2,-1
1501881449241599,11,-1,-3,-6,-4,-2,-1,11
1501881449262599,-5,2,5,20,6,3,1,21
1501881449262599,-15,-3,-11,2,2,-1,0,-11
1501881449263601,-12,0,2,-12,-6,-10,-5,-55
1501881449263601,-6,-2,-14,2,8,9,5,-9
1501881449277612,-6,-1,6,-6,-1,0,-1,-6
1501881449277612,6,-4,-1,2,-4,-3,-3,-14
1501881449278602,1,-5,-3,60,0,-4,-3,16
1501881449278602,7,6,15,-41,-3,1,0,6
1501881449300603,-18,-4,-5,5,6,-5,-3,2
1501881449300603,-2,1,1,-29,5,3,3,38
1501881449302601,-1,-3,-10,54,-8,-5,-1,27
1501881449302601,-4,0,1,33,1,0,-2,-11
1501881449322606,-2,-2,12,-22,-13,-3,-1,-1
1501881449322606,-6,-3,-21,4,-2,-3,-1,-11
1501881449324612,3,-2,-12,-33,2,4,0,9
1501881449324612,-4,-1,9,23,3,0,-2,8
1501881449337605,-19,-1,-1,-57,-11,0,2,-18
1501881449337605,26,2,2,78,2,-2,-2,58
1501881449345620,-4,-10,-30,-107,-11,-3,-3,-17
1501881449345620,17,0,-17,-19,-3,0,-1,22
1501881449359609,23,0,1,41,11,1,-2,-67
1501881449359609,-7,2,7,-25,-10,-4,-2,-21
1501881449361608,4,-1,2,20,9,4,1,21
1501881449361608,8,-5,-13,19,-7,-5,-1,15
1501881449382606,9,-1,5,14,0,-5,-3,24
1501881449382606,-5,-1,-8,-20,-11,-2,-3,1
1501881449383608,-3,0,7,-5,-2,-1,-1,-37
1501881449383608,-7,0,-1,11,-2,-2,-1,0
1501881449396607,10,2,13,38,9,4,1,4
1501881449396607,-61,-9,-24,-45,-6,1,0,-29
1501881449403609,30,4,14,-6,-4,-5,-3,32
1501881449403609,6,-4,-11,-14,-5,1,-3,24
1501881449419610,-8,-1,5,18,5,-2,-3,-11
1501881449419610,17,6,21,19,7,1,1,-11
1501881449421609,-7,-4,-5,1,-1,-2,-2,14
1501881449421609,5,7,26,-50,-4,4,2,-10
1501881449442612,8,-11,-32,41,-2,-13,-8,5
1501881449442612,33,5,10,3,6,-1,1,15
1501881449444612,-24,-7,-5,29,1,6,0,-11
1501881449444612,-7,4,13,-48,5,2,2,-3
1501881449456613,-15,0,-9,-44,-10,2,2,19
1501881449456613,10,-3,2,-33,-1,-3,-2,-15
1501881449463611,-10,0,16,51,1,-4,-4,-9
1501881449463611,-3,-2,-7,-31,-2,-4,-2,-11
1501881449479616,0,0,1,-22,5,6,2,16
1501881449479616,-32,0,9,61,7,-2,-2,-18
1501881449481623,28,2,-7,-51,-15,0,2,58
1501881449481623,-18,3,22,21,-1,-2,-4,-71
1501881449502615,7,-7,-25,9,2,-4,-1,9
1501881449502615,-5,-3,-16,-22,-10,-4,-1,-11
1501881449503613,10,-1,-2,-17,5,4,-2,12
1501881449503613,-6,4,22,69,6,-4,-2,26
1501881449516615,-10,-6,11,-37,-10,-2,-2,7
1501881449516615,6,7,17,6,5,3,1,-15
1501881449523617,-1,-7,-30,12,-8,-9,-6,-9
1501881449523617,2,-1,-24,-78,-2,6,-1,-7
1501881449539615,-15,3,28,50,6,2,2,14
1501881449539615,7,-3,-27,-40,-3,-3,-4,15
1501881449541616,2,-1,-8,-22,-2,-4,0,-10
1501881449541616,-3,-2,1,50,5,-1,-2,7
1501881449562618,-5,1,-5,11,2,4,2,6
1501881449562618,-3,2,9,24,2,2,0,2
1501881449564617,-11,3,35,11,11,2,-1,-71
1501881449564617,12,-7,-24,-60,-20,-6,1,51
1501881449576625,3,0,-14,-1,-2,-6,-3,35
1501881449576625,-1,-3,-9,40,1,1,-3,-35
1501881449590620,4,5,-5,-66,0,4,3,-16
1501881449590620,-6,-2,15,9,5,2,1,2
1501881449599633,-1,0,2,2,-2,1,0,-10
1501881449599633,-7,-5,4,-10,-4,-5,-1,20
1501881449601620,-8,3,-2,24,3,1,1,22
1501881449601620,5,-6,-1,42,-3,-5,-4,-14
1501881449622621,16,1,-3,-40,-7,-2,0,-5
1501881449622621,-6,-1,-3,19,9,5,-1,-16
1501881449628636,-2,3,14,-41,-7,1,1,4
1501881449628636,-2,3,-11,-5,-2,1,0,-11
1501881449636637,-8,-10,-37,10,-1,-4,-3,-2
1501881449636637,18,-4,-9,-44,-5,-2,-2,2
1501881449650637,17,-3,6,-2,-1,-6,-4,16
1501881449650637,-20,4,6,29,4,2,0,-4
1501881449659624,-12,3,5,-25,-2,2,2,-8
1501881449659624,-12,-2,5,64,6,0,-1,-20
1501881449661625,5,-5,-26,-90,-25,-6,-4,14
1501881449661625,-8,-3,24,18,-3,-6,-1,-8
1501881449682625,35,-2,-25,-1,-3,-5,-1,4
1501881449682625,4,2,10,16,4,5,1,30
1501881449683624,1,-4,-7,24,4,2,3,9
1501881449683624,-18,-4,-15,-10,2,-4,-4,-5
1501881449696638,-5,3,32,30,-3,-2,-1,2
1501881449696638,7,-2,-1,-1,-1,-1,2,5
1501881449703625,-12,-4,-13,24,4,1,-1,-6
1501881449703625,12,1,4,-26,-5,1,-1,-6
1501881449719629,-6,-3,-11,9,5,-3,-2,13
1501881449719629,-11,5,26,20,-7,3,1,-49
1501881449721627,-23,-6,1,-22,-1,-3,-3,-6
1501881449721627,6,-5,-8,-19,-9,-8,-3,67
1501881449742629,-33,4,32,-4,7,5,1,-45
1501881449742629,24,-9,-47,-35,-6,-5,-2,13
1501881449744656,-17,1,4,50,5,0,-1,-6
1501881449744656,10,5,-15,-49,-3,2,-1,0
1501881449756630,-9,-6,14,-35,-10,-8,-3,8
1501881449756630,2,-2,6,-24,-1,1,0,-1
1501881449765650,4,0,0,14,1,1,2,9
1501881449765650,0,-4,0,21,3,3,1,-17
1501881449779669,-13,1,-17,21,7,3,-1,-8
1501881449779669,7,-1,11,4,-14,-5,-5,3
1501881449781631,13,-3,-29,-12,4,2,-1,-17
1501881449781631,12,5,48,77,13,0,2,37
1501881449802635,16,-6,-33,10,-16,4,1,33
1501881449802635,-35,-2,14,-52,-2,-6,-1,-18
1501881449803632,9,3,9,4,1,1,-3,4
1501881449803632,-7,0,9,27,6,2,0,-23
1501881449815651,8,-2,0,-37,-5,-5,-1,5
1501881449815651,-25,-3,-23,7,1,1,-2,14
1501881449825643,14,1,7,41,1,0,1,5
1501881449825643,3,-1,-3,-19,-3,-3,1,-18
1501881449839633,0,6,28,23,10,6,2,-15
1501881449839633,6,-1,-4,-32,-4,-5,-3,5
1501881449841643,-18,-7,-37,-33,-8,-4,-3,-13
1501881449841643,-3,-3,-13,11,-1,0,1,19
1501881449862656,-1,0,-2,-52,-2,-2,0,-18
1501881449862656,4,1,16,94,8,2,1,4
1501881449863635,-1,1,14,-28,-1,-5,-1,16
1501881449863635,5,-6,-9,52,0,2,-6,-64
1501881449876637,-48,-8,-4,-34,-3,-7,-10,-68
1501881449876637,55,15,35,-5,3,4,5,16
1501881449884677,-39,-17,-62,-26,-8,-5,-8,-11
1501881449884677,-11,-4,-17,7,-6,-6,-3,-10
1501881449899677,3,1,4,43,10,9,5,8
1501881449899677,11,4,14,-48,-2,-1,-1,-3
1501881449901658,-4,-9,11,30,-9,-8,-3,-6
1501881449901658,7,-7,-27,-27,-6,-4,-4,16
1501881449922642,7,-1,-16,17,0,-2,0,11
1501881449922642,-20,-3,-10,-16,-2,-2,-2,-8
1501881449924675,14,7,16,-37,2,6,5,14
1501881449924675,-8,1,-3,-9,3,1,-1,-6
1501881449935691,9,7,35,-28,-10,-3,0,31
1501881449935691,-7,-7,-30,-12,-9,-5,-3,-6
1501881449945654,-2,5,11,28,4,2,1,-2
1501881449945654,-4,-4,-1,-4,3,-1,-2,-19
1501881449959641,10,3,1,12,6,3,-1,1
1501881449959641,-3,-9,3,-24,3,4,2,6
1501881449961669,12,8,18,64,1,0,2,-6
1501881449961669,-6,-1,12,-4,14,4,3,12
1501881449982653,-4,-5,-13,15,-8,-6,-5,-4
1501881449982653,-4,-8,-17,-46,-8,-4,-3,-8
1501881449983673,6,13,21,-5,2,1,-1,-15
1501881449983673,-2,-2,-21,-29,-7,0,1,-2
1501881449996653,35,0,10,37,5,3,1,-14
1501881449996653,-16,1,-19,-83,-7,-6,-5,25
1501881450004674,-5,-8,35,103,6,-2,0,21
1501881450004674,-1,0,-13,-36,-1,0,1,11
1501881450019679,-4,3,-8,-4,3,1,0,-6
1501881450019679,-6,-8,-23,42,-5,-5,-2,-8
1501881450021644,-2,0,16,-6,-1,-1,0,5
1501881450021644,-5,2,15,-7,-6,-11,-3,-8
1501881450042648,-2,-4,-14,-10,6,8,3,6
1501881450042648,3,2,2,21,7,4,4,2
1501881450044677,-5,-2,9,-13,-1,0,-2,14
1501881450044677,4,-4,-32,-6,-11,-5,-3,-6
1501881450055649,0,-1,10,43,3,-1,1,0
1501881450055649,2,3,8,-31,-1,2,2,7
1501881450065658,15,0,4,5,6,-1,0,-61
1501881450065658,-15,-3,-3,-24,-17,-1,-4,25
1501881450079687,-2,1,-10,60,1,-4,-1,-20
1501881450079687,-9,-2,0,-81,-6,2,-3,-24
1501881450081648,2,-3,-6,18,1,-2,-2,9
1501881450081648,8,3,12,21,3,-1,-2,-5
1501881450102649,-2,2,6,-9,3,0,1,-4
1501881450102649,-2,0,2,33,0,0,0,12
1501881450103652,2,-2,-19,-31,-6,-4,-2,2
1501881450103652,-6,-1,2,-31,0,-5,-2,-16
1501881450115670,0,0,7,-17,-4,3,-2,30
1501881450115670,-2,0,-4,34,3,-1,0,-10
1501881450125651,-8,0,7,-18,0,5,2,7
1501881450125651,11,-6,-8,38,0,-1,-2,21
1501881450139651,7,2,-5,-55,-3,-4,-2,14
1501881450139651,2,3,20,49,3,-10,-5,-22
1501881450141660,-15,-7,-18,45,3,4,2,-8
1501881450141660,7,3,-9,-54,-2,6,2,4
1501881450162655,3,2,23,-20,5,-1,-1,-8
1501881450162655,-27,-8,-5,18,-8,-1,-3,-5
1501881450163656,21,5,-4,-24,0,-4,-1,15
1501881450163656,5,3,6,29,4,1,1,4
1501881450184697,3,-1,1,10,-4,-5,-2,-7
1501881450184697,2,2,7,17,5,4,0,1
1501881450186655,-27,-8,-19,-35,-8,-2,-2,-12
1501881450186655,11,-4,-20,1,-3,-5,-4,-4
1501881450199716,-5,1,6,-11,-1,4,1,-5
1501881450199716,8,-7,-14,9,-6,-3,-2,43
1501881450201655,-4,2,19,70,11,2,0,14
1501881450201655,-1,-1,-4,-104,-17,-1,-2,-17
1501881450222694,-23,-4,-11,59,-2,-5,-3,-3
1501881450222694,3,4,16,30,5,2,-1,-12
1501881450223656,-5,-13,-39,-80,-18,-4,-1,-4
1501881450223656,-4,-1,3,2,6,1,2,-1
1501881450244688,-4,-1,-2,43,2,-1,-3,-31
1501881450244688,-4,-3,0,-66,-12,-8,-4,-5
1501881450246657,12,3,22,33,7,1,-2,11
1501881450246657,-4,-4,-14,10,9,0,0,-11
1501881450259658,19,-6,-25,-80,-16,-2,-3,21
1501881450259658,0,3,2,49,2,0,-1,4
1501881450261687,-11,-1,-24,-31,-7,-5,-1,5
1501881450261687,4,2,12,-22,4,3,3,6
1501881450282717,-14,-4,1,95,5,-1,-1,-53
1501881450282717,10,-2,-3,-16,-5,-2,-1,-8
1501881450284674,32,9,24,22,1,2,1,23
1501881450284674,-29,-1,-10,20,-4,3,2,-3
1501881450304660,12,-4,17,73,7,-6,-5,-10
1501881450304660,-18,-2,-23,-95,-22,-2,-2,-15
1501881450306661,2,-1,1,2,-4,-1,-3,27
1501881450306661,2,0,16,17,1,0,0,18
1501881450319661,-9,-6,-25,-23,0,-2,-4,26
1501881450319661,9,-5,3,48,13,-1,-1,-9
1501881450325699,2,4,-11,55,7,6,3,7
1501881450325699,2,-2,12,-34,-22,-12,-11,-56
1501881450343690,-10,2,-9,-35,-6,-2,-1,17
1501881450343690,6,-3,-10,28,4,-6,-2,19
1501881450345663,-8,-3,-5,-28,-3,5,-2,-20
1501881450345663,11,0,3,68,14,7,4,19
1501881450364666,-11,2,2,-41,-14,-2,-1,3
1501881450364666,-7,-3,-9,-77,-4,-1,-1,-16
1501881450366666,0,-2,-10,-37,-4,-4,-1,28
1501881450366666,-10,4,21,63,6,-3,-4,-15
1501881450379700,4,-1,7,2,6,0,2,21
1501881450379700,0,4,-7,-10,-3,2,0,-5
1501881450385684,-5,-6,-8,-35,-4,-2,0,-5
1501881450385684,-5,0,15,-2,0,4,0,10
1501881450402666,3,1,-2,-12,-3,-1,2,2
1501881450402666,6,-4,2,28,6,3,-1,9
1501881450403666,-22,-1,3,61,6,-7,-1,-32
1501881450403666,-1,3,0,19,3,3,2,-16
1501881450424667,-13,-4,-5,-49,-10,-2,-5,-22
1501881450424667,22,1,9,127,13,4,1,8
1501881450426668,28,1,-1,-85,-16,-1,-1,19
1501881450426668,-11,0,-12,-37,-4,0,3,32
1501881450439669,3,3,16,-3,-2,-5,-1,-47
1501881450439669,-32,-3,-15,9,0,2,-2,-20
1501881450446672,9,3,21,40,8,0,0,-6
1501881450446672,-3,2,1,21,-1,-1,1,1
1501881450462670,15,-8,5,-5,-3,-5,-3,21
1501881450462670,-23,-1,4,13,-3,-4,-3,0
1501881450463671,1,-2,-16,-39,6,2,2,-18
1501881450463671,-4,-3,0,-38,-12,-5,-2,-4
1501881450484673,1,-5,-6,-14,-1,3,-1,10
1501881450484673,1,1,8,3,7,-2,-1,43
1501881450486672,-14,2,6,14,4,0,-3,-17
1501881450486672,19,-4,-9,11,4,3,0,57
1501881450499674,-7,-2,-7,-8,-3,0,0,-5
1501881450499674,4,1,0,-5,-4,-2,1,-15
1501881450505678,-1,-3,-20,-39,-9,-7,-7,-25
1501881450505678,-4,-4,5,59,0,-6,-4,4
1501881450522675,-1,4,-13,58,13,8,5,3
1501881450522675,-10,-2,-10,-98,-8,0,1,-22
1501881450523674,6,0,2,-43,-3,-4,-3,11
1501881450523674,-13,0,14,38,6,-2,-2,-25
1501881450545676,-6,-3,-31,-17,-2,0,-1,4
1501881450545676,21,1,-4,2,-4,-4,-1,-14
1501881450546674,5,3,27,60,4,2,-1,-3
1501881450546674,-13,-9,-29,-43,-9,-12,-4,-3
1501881450559677,-6,5,19,55,16,12,4,-2
1501881450559677,9,2,-14,-49,-14,1,0,12
1501881450565678,-19,-13,-14,8,-9,-7,-6,-6
1501881450565678,19,-1,6,1,1,0,-4,-32
1501881450582678,-36,-3,8,-23,-3,-3,-1,-13
1501881450582678,-4,-1,-6,41,4,1,-2,-14
1501881450588678,-8,6,6,-14,-1,4,1,-1
1501881450588678,4,1,-4,-56,-4,-3,-1,-7
1501881450604680,12,-6,-10,27,-3,-7,-2,9
1501881450604680,8,-2,19,-55,-1,3,2,34
1501881450606680,-45,-5,-16,60,8,-1,-1,-33
1501881450606680,10,7,15,-36,-11,4,1,-15
1501881450619680,2,1,-20,-37,-7,-4,-3,-9
1501881450619680,-3,-4,3,61,4,-6,-3,16
1501881450626695,11,2,5,-29,-1,5,4,8
1501881450626695,-10,-4,-19,12,6,1,1,6
1501881450642680,6,5,30,-20,-4,-2,-1,-36
1501881450642680,-11,-4,-24,-11,-4,-5,-1,-17
1501881450644682,31,0,9,11,-3,-2,0,19
1501881450644682,-9,-2,1,17,9,6,1,-14
1501881450664681,4,-2,-3,-40,-9,-11,-4,21
1501881450664681,0,2,14,56,7,-1,-1,11
1501881450666682,-2,4,14,4,-3,3,3,-10
1501881450666682,19,-3,-9,23,0,-4,-1,31
1501881450678697,-13,-5,-6,9,1,2,-1,11
1501881450678697,14,-3,1,-4,-5,-6,-5,9
1501881450687687,0,3,-6,21,7,0,1,-5
1501881450687687,-14,-2,2,3,-5,4,2,-1
1501881450702684,35,0,10,-9,-7,-3,-2,29
1501881450702684,-10,1,-7,17,3,-1,5,56
1501881450703686,-24,-6,-18,-44,-7,3,-5,-44
1501881450703686,-3,-2,0,11,1,-4,-5,-8
1501881450724691,4,2,5,-2,4,1,1,12
1501881450724691,0,1,8,-12,1,2,3,-3
1501881450726685,5,0,16,38,-1,1,2,21
1501881450726685,1,-9,-8,21,-6,-8,-4,-4
1501881450738686,8,11,22,30,2,3,0,-6
1501881450738686,-1,-6,1,0,-2,-5,-4,-26
1501881450747687,-13,-2,-3,42,14,4,0,7
1501881450747687,-17,3,-12,-66,-11,-1,-3,-29
1501881450762687,-4,-3,7,-23,3,-2,0,18
1501881450762687,-2,1,-14,38,-8,1,-2,-13
1501881450763687,1,-8,3,-26,-10,-10,-4,5
1501881450763687,8,2,8,34,5,1,1,7
1501881450784689,-10,-1,13,45,8,1,0,4
1501881450784689,-4,0,0,-67,-3,2,-2,-33
1501881450786689,8,-3,-26,29,-3,-3,-2,36
1501881450786689,2,-1,-1,22,3,-1,1,6
1501881450798689,-10,0,-16,-17,-11,-10,-6,-28
1501881450798689,13,0,12,33,17,9,2,44
1501881450807691,13,-1,-5,-83,-26,-8,-5,38
1501881450807691,3,0,6,-33,1,1,4,8
1501881450822698,-6,-5,-16,-9,-1,0,0,-5
1501881450822698,5,-2,-1,5,-3,-6,-2,6
1501881450823690,-1,2,-2,14,8,1,-1,-12
1501881450823690,-3,2,1,43,4,2,-3,13
1501881450844692,2,-6,-10,-32,-9,1,1,-12
1501881450844692,-34,3,16,-11,1,-1,-4,-37
1501881450847694,15,0,-6,38,0,-4,-2,-11
1501881450847694,-5,-2,-3,-43,-5,-2,0,-15
1501881450858708,-3,3,-7,-3,3,1,-1,9
1501881450858708,6,-9,-16,-1,-8,-5,-4,-6
1501881450867693,-10,0,10,-23,3,2,2,-12
1501881450867693,-10,-4,-14,-25,-2,-2,-3,4
1501881450882707,30,4,15,12,-3,-8,-3,31
1501881450882707,-20,-7,-31,20,4,3,0,-13
1501881450883695,-5,1,14,-86,5,3,3,1
1501881450883695,9,-5,-3,11,-10,-6,-2,-4
1501881450904698,6,0,-5,-2,-1,1,-2,-46
1501881450904698,10,1,14,-10,-5,-3,-2,4
1501881450906699,-1,-2,-22,44,2,-2,-1,5
1501881450906699,-7,-2,3,4,5,0,-1,-8
1501881450918699,-2,0,2,-27,-4,0,0,7
1501881450918699,10,-2,-8,5,0,0,0,9
1501881450927698,-6,1,6,12,2,0,-2,-27
1501881450927698,-10,-1,1,-39,-1,-1,0,-5
1501881450942699,16,-1,-6,6,2,-3,-2,36
1501881450942699,1,3,-2,-15,-3,-1,2,-24
1501881450944699,16,0,14,7,-1,-2,1,22
1501881450944699,-5,1,8,64,4,1,0,-10
1501881450964699,-15,-5,-6,-12,6,7,1,-1
1501881450964699,-5,-1,-1,-29,-6,0,-1,-7
1501881450966699,9,-4,-5,9,-2,-6,-2,-5
1501881450966699,6,3,3,16,1,-3,-2,6
1501881450978715,-25,-3,-14,-11,5,1,1,-9
1501881450978715,-4,1,17,14,-9,-3,-2,-25
1501881450987700,-11,-1,-6,-9,-4,0,-5,-1
1501881450987700,-3,-3,-4,-17,0,1,0,-6
1501881451002701,5,-3,1,12,4,0,1,14
1501881451002701,1,-2,2,42,4,-3,-2,3
1501881451003702,-2,0,4,-6,-2,1,-1,-3
1501881451003702,1,0,7,-2,-5,-3,-1,3
1501881451025715,-4,0,-12,10,-4,-5,-2,-23
1501881451025715,3,-1,-5,-42,5,10,4,2
1501881451026703,-2,2,16,27,2,-5,-3,1
1501881451026703,5,1,-6,33,4,0,0,20
1501881451038704,0,1,6,-22,-16,-5,-5,-56
1501881451038704,11,-7,-4,3,-6,-6,-1,0
1501881451048705,-9,2,2,35,8,3,4,-26
1501881451048705,13,1,-4,-35,1,0,0,4
1501881451062705,-8,-8,-29,48,1,3,1,25
1501881451062705,-2,3,6,-19,-2,1,-1,1
1501881451063704,-4,-3,-6,23,-1,0,-1,-14
1501881451063704,1,1,15,0,5,-1,-1,0
1501881451084719,1,-4,-10,-6,-18,-13,-4,7
1501881451084719,0,0,7,-1,5,4,0,6
1501881451086707,-4,-2,-7,-22,1,1,-1,11
1501881451086707,-3,1,-4,-7,-4,-3,-2,-1
1501881451098721,-4,1,8,-8,2,0,1,6
1501881451098721,-6,-2,-12,-3,0,-1,0,-4
1501881451107711,2,-1,4,-6,-6,-9,-3,-6
1501881451107711,-3,-2,-8,-21,-3,7,0,-9
1501881451121710,-2,-1,0,-3,4,2,0,-6
1501881451121710,-2,-1,5,10,-7,-10,-6,10
1501881451128725,2,0,-7,-21,-1,2,0,8
1501881451128725,-1,-1,-5,7,-4,-8,-1,-6
1501881451145710,-3,-2,6,21,10,15,0,6
1501881451145710,0,2,-10,-36,-2,-1,0,1
1501881451146725,-3,-7,-7,-63,-17,-7,-2,2
1501881451146725,-2,-3,-2,57,4,4,-2,-17
1501881451167711,-1,-1,8,-12,0,-8,-3,2
1501881451167711,-1,2,-10,26,6,4,0,-8
1501881451168711,0,-2,-4,-14,0,-2,-2,-7
1501881451168711,0,0,-8,-27,-6,-2,-1,1
1501881451182712,-1,-2,8,7,2,0,0,7
1501881451182712,-1,-5,-11,-2,-1,-4,-2,-7
1501881451183713,-5,-1,-4,12,0,-2,1,-5
1501881451183713,-2,0,1,-6,-5,-1,-1,2
1501881451206716,0,3,3,5,7,11,5,5
1501881451206716,-1,1,9,73,9,-6,-2,1
1501881451208721,-1,-1,-6,-73,-23,1,0,1
1501881451208721,0,-1,10,7,1,-5,-3,2
1501881451227714,-3,-4,-14,-21,-7,-8,-4,-11
1501881451227714,0,1,2,-7,-2,1,1,2
1501881451228715,0,-1,1,33,8,-2,-2,1
1501881451228715,-1,-2,-7,-16,1,5,0,1
1501881451242719,-2,1,0,-4,-5,-3,1,4
1501881451242719,-1,-1,8,-3,-4,0,0,2
1501881451244717,0,1,6,25,8,0,1,4
1501881451244717,0,-1,-7,-35,-5,1,0,-1
1501881451264717,0,-1,-3,1,-1,-2,-2,-2
1501881451264717,0,0,3,-10,-3,-6,-4,1
1501881451266716,-1,-1,-6,11,9,5,0,1
1501881451266716,-2,-3,-1,-39,-22,-6,-2,0
1501881451287720,-1,-2,0,4,-2,-5,-3,-8
1501881451287720,-3,1,4,-18,0,2,0,6
1501881451288720,-2,-2,-10,13,5,1,-1,-1
1501881451288720,1,0,5,50,14,7,3,2
1501881451301719,-5,0,5,28,-12,-7,-3,-1
1501881451301719,5,-2,-4,-42,-15,-3,0,8
1501881451317720,2,-2,-17,-13,-4,0,0,0
1501881451317720,-5,-2,-2,-1,3,-3,-2,-6
1501881451324720,3,2,0,1,3,2,2,-8
1501881451324720,-6,-3,8,56,11,3,-2,-6
1501881451326729,5,1,-2,-6,-6,-2,-2,7
1501881451326729,-4,-3,1,16,-2,-4,-3,-17
1501881451347722,9,6,26,43,10,3,0,29
1501881451347722,-1,-5,-25,-53,-14,-2,-2,-11
1501881451348721,-27,-7,-28,-17,-4,-1,-4,2
1501881451348721,0,4,11,-3,2,-1,-2,5
1501881451360723,-7,-2,-5,-8,-2,2,1,-6
1501881451360723,-9,-1,7,15,1,-4,-2,1
1501881451369726,25,-1,11,22,-2,-1,-1,39
1501881451369726,-2,-1,-6,-8,-3,-2,-2,-4
1501881451384737,-9,0,0,4,2,-2,0,-6
1501881451384737,8,0,-12,-24,5,8,0,-2
1501881451386725,-3,1,11,-3,-10,-5,0,-2
1501881451386725,2,1,16,69,14,0,-1,6
1501881451407730,9,-2,-9,-78,-11,-5,-2,25
1501881451407730,5,1,12,9,7,2,3,-13
1501881451408741,-7,0,-11,25,1,-2,-2,-8
1501881451408741,-1,0,-5,-51,-9,-4,1,-3
1501881451420726,-9,-7,-1,27,2,-3,-3,7
1501881451420726,-2,-1,-4,-36,-7,-2,-2,2
1501881451429738,-7,-1,-2,4,6,8,2,3
1501881451429738,2,-1,2,25,1,-8,-2,-4
1501881451444729,-10,-1,-12,-7,-1,8,1,-22
1501881451444729,6,0,3,-6,-2,0,1,21
1501881451446727,2,2,8,-10,2,-4,-1,-12
1501881451446727,-5,-2,-4,-13,-4,1,1,10
1501881451467728,23,3,-3,-10,9,-3,-3,4
1501881451467728,-35,-6,13,35,-1,-7,-5,-55
1501881451468729,-4,-4,8,13,-5,1,0,-10
1501881451468729,-10,-5,-20,-37,-3,2,1,-12
1501881451481740,7,2,5,-41,-7,-5,-2,21
1501881451481740,-11,-4,-9,39,-7,-6,-4,-20
1501881451489740,11,0,0,-33,0,-1,-2,11
1501881451489740,1,-1,4,13,1,3,-3,4
1501881451504736,-9,-2,1,22,2,-3,2,7
1501881451504736,7,3,2,8,1,6,-2,-15
1501881451506731,-6,0,8,10,-1,-3,-1,-16
1501881451506731,6,0,-4,-11,1,1,2,18
1501881451526734,7,-1,-1,44,2,-1,-1,31
1501881451526734,-2,0,-2,-20,-6,-4,1,-49
1501881451533733,7,-5,-4,49,11,-2,0,20
1501881451533733,-8,-2,-14,-53,-19,0,-2,-20
1501881451541733,-7,-1,12,68,-4,-7,-2,-17
1501881451541733,-2,2,-4,-77,-2,2,-1,31
1501881451548735,-3,1,9,-10,2,2,2,-10
1501881451548735,0,-6,-24,-4,1,-7,-4,-1
1501881451564737,-13,-1,-2,20,1,7,-1,-26
1501881451564737,8,2,-7,-46,-1,2,1,31
1501881451566734,0,2,12,40,-1,-2,-2,-32
1501881451566734,1,5,26,6,-2,-8,-1,-2
1501881451587736,6,-4,-23,-17,-1,6,0,-9
1501881451587736,0,-2,12,33,5,-8,-3,12
1501881451588735,3,1,-17,-52,-7,4,1,10
1501881451588735,-1,0,4,17,1,2,-2,-7
1501881451601739,-9,-2,-2,-22,-2,-3,1,-10
1501881451601739,3,3,0,36,4,1,1,7
1501881451608745,-1,-2,-7,-37,-4,-3,-4,-2
1501881451608745,5,0,11,14,0,1,0,8
1501881451624739,0,-3,-8,-73,-4,-3,-3,-3
1501881451624739,2,-3,-13,3,-2,0,1,16
1501881451626750,-1,-3,-1,23,6,0,2,-6
1501881451626750,-1,4,18,38,8,5,1,-17
1501881451647756,-4,-10,-46,-68,-9,-5,-3,2
1501881451647756,3,4,27,33,1,-1,-3,9
1501881451648740,0,-8,-30,-9,-2,-2,-3,8
1501881451648740,-25,-3,-13,-36,-3,-1,0,9
1501881451660744,16,0,-4,-24,-4,-2,-4,-50
1501881451660744,3,-1,1,1,1,1,1,12
1501881451669743,-4,1,9,9,-1,-1,-1,-5
1501881451669743,4,1,0,-4,0,2,0,10
1501881451684755,-2,-3,2,-11,-3,-1,-1,18
1501881451684755,8,1,9,91,9,-3,-3,-22
1501881451686741,-25,-2,8,-34,-12,-1,1,1
1501881451686741,6,-2,-8,-10,-6,-3,-4,-37
1501881451707750,-5,3,15,-3,3,0,1,6
1501881451707750,-4,0,0,-15,-2,1,2,-1
1501881451708750,1,-6,-41,0,2,0,-3,-3
1501881451708750,7,-2,-4,-1,-1,-9,-2,9
1501881451720744,-10,-2,0,24,-7,5,-3,-3
1501881451720744,-5,-3,-4,-10,-1,-4,-2,3
1501881451729744,8,-4,7,16,-2,-2,-2,-11
1501881451729744,4,-4,-4,4,0,4,3,9
1501881451745747,-21,3,8,53,16,-3,-3,-22
1501881451745747,1,-4,-7,-36,-24,-5,-3,16
1501881451746747,9,4,18,-25,5,1,-1,22
1501881451746747,-7,-3,-12,-8,2,0,-2,-2
1501881451767747,2,-3,2,24,4,-3,1,-1
1501881451767747,0,2,-1,17,2,1,-2,-1
1501881451768745,-9,0,-9,-46,-4,-3,-1,-15
1501881451768745,12,0,5,41,-10,-8,-7,5
1501881451780760,-11,0,20,28,-5,-1,2,27
1501881451780760,-15,-4,-13,-9,6,4,6,-2
1501881451789748,14,2,11,11,4,0,-4,-5
1501881451789748,12,4,9,13,2,2,3,12
1501881451804753,-10,-3,-10,-36,-4,2,-1,-33
1501881451804753,13,-3,-10,-27,-3,-5,-3,23
1501881451806749,-3,2,20,52,3,2,-1,3
1501881451806749,-5,1,-4,-20,2,0,0,-2
1501881451827751,3,-2,-5,12,-3,-13,0,-1
1501881451827751,0,-3,-8,-61,-14,6,-4,-4
1501881451828750,-6,1,-3,-36,-1,-2,5,-1
1501881451828750,-1,2,17,42,6,0,-2,7
1501881451840751,22,-1,-11,20,-2,-2,0,19
1501881451840751,-11,-2,20,31,3,-5,-3,-22
1501881451857753,-4,-2,-28,-15,-6,2,-3,-6
1501881451857753,-9,-6,-2,16,2,0,3,-2
1501881451863752,-1,0,-4,-35,-1,3,0,0
1501881451863752,6,1,-3,-2,-3,-4,-1,0
1501881451872755,-3,1,7,9,-4,-3,-5,-3
1501881451872755,-3,-3,-10,-47,-2,-10,0,-2
1501881451887768,3,2,7,48,3,13,-1,0
1501881451887768,-2,-2,-4,-26,1,-12,-3,6
1501881451888752,-1,-2,1,9,-1,6,-2,-2
1501881451888752,-2,-1,-7,-11,2,2,0,-1
1501881451900760,-1,-1,8,-13,-4,1,1,5
1501881451900760,-2,-1,-7,9,4,4,0,-2
1501881451909773,-3,-1,8,14,-2,-8,0,-2
1501881451909773,1,-3,-6,-11,-8,-12,-7,-4
1501881451924758,-3,-1,0,-14,1,4,-4,-2
1501881451924758,-1,-2,-1,9,0,-4,3,-1
1501881451926770,3,1,4,4,3,2,2,0
1501881451926770,-2,-2,-5,-5,-1,9,2,4
1501881451946771,-1,-2,-2,-14,-1,-9,-2,0
1501881451946771,-1,0,-1,6,-1,2,-2,-1
1501881451954759,1,-1,6,7,4,-8,-5,1
1501881451954759,-2,-1,-5,-7,-6,5,2,-2
1501881451960758,0,0,2,-8,1,-1,-1,0
1501881451960758,0,-1,-1,3,-3,-10,-3,-2
1501881451969759,-1,1,1,5,2,14,4,-1
1501881451969759,-3,-2,-3,-6,1,0,-1,-4
1501881451984758,1,-1,-1,-10,-5,-6,-3,0
1501881451984758,1,0,-1,4,-1,3,2,1
1501881451990759,-2,-2,0,1,-7,-18,-3,-3
1501881451990759,-1,-2,-2,-2,0,8,-1,-1
1501881452007770,2,3,2,-1,-1,0,-1,1
1501881452007770,1,1,-2,0,2,6,-1,0
1501881452008769,-1,1,0,0,-8,-8,-2,0
1501881452008769,0,0,0,-1,6,5,1,-1
1501881452020782,-3,0,0,-1,-2,-1,-1,-1
1501881452020782,-4,-5,-3,2,-3,0,1,-2
1501881452029762,0,0,0,1,2,2,-2,-3
1501881452029762,0,3,-2,-1,-5,-3,-2,1
1501881452044761,-1,7,-1,-8,-4,-2,-1,0
1501881452044761,0,-8,-1,1,-1,-4,-1,-2
1501881452050763,-2,-4,-1,-3,-6,-13,-7,-3
1501881452050763,-1,-5,-3,4,6,11,6,-1
1501881452067782,3,7,-1,-5,5,6,-1,2
1501881452067782,1,8,3,9,8,4,3,1
1501881452068767,-6,-5,1,3,-15,-4,-1,-1
1501881452068767,-1,-17,-2,-9,5,-5,-4,-3
1501881452089764,-1,-4,-2,-3,-12,-6,-1,-1
1501881452089764,0,0,-1,4,28,17,2,3
1501881452091768,-5,-4,-2,3,4,-1,-2,-1
1501881452091768,2,14,2,2,-9,-3,1,-1
1501881452104766,0,-3,1,12,17,1,0,-1
1501881452104766,1,-1,-2,-30,2,1,-2,-2
1501881452110788,4,-2,1,12,32,10,3,2
1501881452110788,-12,-16,-12,-28,10,-8,-3,-2
1501881452127783,-2,2,-3,5,-3,13,-3,-2
1501881452127783,-4,-1,2,24,-28,-7,4,-1
1501881452128770,0,4,-1,-21,10,6,0,-1
1501881452128770,0,3,1,5,-18,-19,-5,-2
1501881452149830,0,-8,-3,-20,-32,-10,-5,-1
1501881452149830,-4,-2,-7,-4,7,3,-2,-2
1501881452151773,6,15,13,28,16,-10,0,-1
1501881452151773,6,26,11,-5,-4,4,1,1
1501881452164771,-3,-52,-11,-20,-10,-8,-1,-1
1501881452164771,-7,-9,-7,-1,-12,-3,-7,-7
1501881452170773,-2,-9,-6,-9,-30,-5,2,0
1501881452170773,-2,11,-6,-1,11,-3,-4,-2
1501881452187830,0,25,14,9,-27,-11,1,-1
1501881452187830,3,-12,6,23,71,24,4,1
1501881452188771,-5,-13,-29,-15,8,-2,-2,-1
1501881452188771,-1,3,9,-4,-4,9,-2,1
1501881452209793,-1,11,-1,-2,-31,-4,3,1
1501881452209793,4,-10,-4,-9,-7,-13,-3,0
1501881452211776,-4,4,4,15,12,-6,-5,-4
1501881452211776,2,4,-3,-9,-5,19,3,1
1501881452223776,-3,-2,-8,7,10,-14,-2,-2
1501881452223776,-5,4,-4,-20,29,1,-4,-1
